Workbook

Sheet B constant
A1: Trial | B1: Calculated LSE | C1: GRNmap LSE | E1: Trial | F1: Calculated LSE | G1: GRNmap LSE
A2: 10.18 | B2: 4.2373034e-12 | C2: 2.1772708e-14 | E2: 10 | F2: ='10.0'!E17 -> 3.6031259e-08 | G2: ='10.0'!B3 -> 6.4058657e-13
A3: 10.15 | B3: 4.2373164e-12 | C3: 2.1772764e-14 | E3: 10.01 | F3: ='10.1'!E17 -> 2.5835493e-05 | G3: ='10.1'!B3 -> 4.0005294e-11
A4: 10.23 | B4: 2.7954406e-11 | C4: 4.8702622e-14 | E4: 10.02 | F4: ='10.2'!E17 -> 1.1375736e-10 | G4: ='10.2'!B3 -> 6.3024509e-14
A5: 10.06 | B5: 2.79545e-11 | C5: 4.8702803e-14 | E5: 10.03 | F5: ='10.3'!E17 -> 1.441249e-10 | G5: ='10.3'!B3 -> 1.2563509e-13
A6: 10.19 | B6: 5.4371683e-11 | C6: 2.4240511e-14 | E6: 10.04 | F6: ='10.4'!E17 -> 7.4723897e-11 | G6: ='10.4'!B3 -> 9.6316112e-14
A7: 10.14 | B7: 5.4371708e-11 | C7: 2.4240528e-14 | E7: 10.05 | F7: ='10.5'!E17 -> 8.6777842e-11 | G7: ='10.5'!B3 -> 1.1368111e-13
A8: 10.22 | B8: 6.3034321e-11 | C8: 9.251966e-14 | E8: 10.06 | F8: ='10.6'!E17 -> 2.79545e-11 | G8: ='10.6'!B3 -> 4.8702803e-14
A9: 10.07 | B9: 6.303439e-11 | C9: 9.2519758e-14 | E9: 10.07 | F9: ='10.7'!E17 -> 6.303439e-11 | G9: ='10.7'!B3 -> 9.2519758e-14
A10: 10.21 | B10: 7.4723472e-11 | C10: 9.6315538e-14 | E10: 10.08 | F10: ='10.8'!E17 -> 2.5834775e-05 | G10: ='10.8'!B3 -> 4.0004192e-11
A11: 10.04 | B11: 7.4723897e-11 | C11: 9.6316112e-14 | E11: 10.09 | F11: ='10.9'!E17 -> 3.6032797e-08 | G11: ='10.9'!B3 -> 6.406088e-13
A12: 10.2 | B12: 8.677758e-11 | C12: 1.136808e-13 | E12: 10.1 | F12: ='10.10'!E17 -> 1.4412485e-10 | G12: ='10.10'!B3 -> 1.2563506e-13
A13: 10.05 | B13: 8.6777842e-11 | C13: 1.1368111e-13 | E13: 10.11 | F13: ='10.11'!E17 -> 1.1375715e-10 | G13: ='10.11'!B3 -> 6.3024314e-14
A14: 10.11 | B14: 1.1375715e-10 | C14: 6.3024314e-14 | E14: 10.12 | F14: ='10.12'!E17 -> 1.4938053e-10 | G14: ='10.12'!B3 -> 9.4766565e-14
A15: 10.02 | B15: 1.1375736e-10 | C15: 6.3024509e-14 | E15: 10.13 | F15: ='10.13'!E17 -> 1.1849493e-10 | G15: ='10.13'!B3 -> 8.7694512e-14
A16: 10.16 | B16: 1.184946e-10 | C16: 8.7694222e-14 | E16: 10.14 | F16: ='10.14'!E17 -> 5.4371708e-11 | G16: ='10.14'!B3 -> 2.4240528e-14
A17: 10.13 | B17: 1.1849493e-10 | C17: 8.7694512e-14 | E17: 10.15 | F17: ='10.15'!E17 -> 4.2373164e-12 | G17: ='10.15'!B3 -> 2.1772764e-14
A18: 10.1 | B18: 1.4412485e-10 | C18: 1.2563506e-13 | E18: 10.16 | F18: ='10.16'!E17 -> 1.184946e-10 | G18: ='10.16'!B3 -> 8.7694222e-14
A19: 10.03 | B19: 1.441249e-10 | C19: 1.2563509e-13 | E19: 10.17 | F19: ='10.17'!E17 -> 1.4938334e-10 | G19: ='10.17'!B3 -> 9.4766386e-14
A20: 10.12 | B20: 1.4938053e-10 | C20: 9.4766565e-14 | E20: 10.18 | F20: ='10.18'!E17 -> 4.2373034e-12 | G20: ='10.18'!B3 -> 2.1772708e-14
A21: 10.17 | B21: 1.4938334e-10 | C21: 9.4766386e-14 | E21: 10.19 | F21: ='10.19'!E17 -> 5.4371683e-11 | G21: ='10.19'!B3 -> 2.4240511e-14
A22: 10 | B22: 3.6031259e-08 | C22: 6.4058657e-13 | E22: 10.2 | F22: ='10.20'!E17 -> 8.677758e-11 | G22: ='10.20'!B3 -> 1.136808e-13
A23: 10.09 | B23: 3.6032797e-08 | C23: 6.406088e-13 | E23: 10.21 | F23: ='10.21'!E17 -> 7.4723472e-11 | G23: ='10.21'!B3 -> 9.6315538e-14
A24: 10.08 | B24: 2.5834775e-05 | C24: 4.0004192e-11 | E24: 10.22 | F24: ='10.22'!E17 -> 6.3034321e-11 | G24: ='10.22'!B3 -> 9.251966e-14
A25: 10.01 | B25: 2.5835493e-05 | C25: 4.0005294e-11 | E25: 10.23 | F25: ='10.23'!E17 -> 2.7954406e-11 | G25: ='10.23'!B3 -> 4.8702622e-14
A26: Average | B26: =AVERAGE(B2:B25) -> 2.1560002e-06 | E26: Average | F26: =AVERAGE(F2:F25) -> 2.1560002e-06
A27: Sum | B27: =SUM(B2:B25) -> 5.1744006e-05 | E27: Sum | F27: =SUM(F2:F25) -> 5.1744006e-05

Sheet 10.23
A1: p con
A2: Parameter | B2: Value | D2: cols regulators/rows targets | E2: gene1 | F2: gene2 | G2: gene3
A3: LSE | B3: 4.8702622e-14 | D3: gene1 | E3: 0 | F3: -1.0000004 | G3: -1.9999971
A4: Penalty | B4: 1.4285671 | D4: gene2 | E4: 0.99999877 | F4: 0 | G4: 0
A5: min LSE | B5: 0 | D5: gene3 | E5: 1.9999958 | F5: 0 | G5: 0
A6: iteration count | B6: 138
A8: Gene | B8: wt MSE | D8: cols regulators/rows targets | E8: gene1 | F8: gene2 | G8: gene3
A9: gene1 | B9: 1.160981e-13 | D9: gene1 | E9: 0 | F9: -1 | G9: -2
A10: gene2 | B10: 3.3102855e-15 | D10: gene2 | E10: 1 | F10: 0 | G10: 0
A11: gene3 | B11: 2.6699483e-14 | D11: gene3 | E11: 2 | F11: 0 | G11: 0
E13: =(E9-E3)^2 -> 0 | F13: =(F9-F3)^2 -> 1.7167814e-13 | G13: =(G9-G3)^2 -> 8.6581381e-12
E14: =(E10-E4)^2 -> 1.5007356e-12 | F14: =(F10-F4)^2 -> 0 | G14: =(G10-G4)^2 -> 0
E15: =(E11-E5)^2 -> 1.7623854e-11 | F15: =(F11-F5)^2 -> 0 | G15: =(G11-G5)^2 -> 0
E17: =SUM(E13:G15) -> 2.7954406e-11

Sheet 10.22
A1: p con
A2: Parameter | B2: Value | D2: cols regulators/rows targets | E2: gene1 | F2: gene2 | G2: gene3
A3: LSE | B3: 9.251966e-14 | D3: gene1 | E3: 0 | F3: -1.9999968 | G3: 0.99999629
A4: Penalty | B4: 1.4285646 | D4: gene2 | E4: 1.9999948 | F4: 0 | G4: 0
A5: min LSE | B5: 9.8765638e-35 | D5: gene3 | E5: -0.99999658 | F5: 0 | G5: 0
A6: iteration count | B6: 130
A8: Gene | B8: wt MSE | D8: cols regulators/rows targets | E8: gene1 | F8: gene2 | G8: gene3
A9: gene1 | B9: 2.4346016e-13 | D9: gene1 | E9: 0 | F9: -2 | G9: 1
A10: gene2 | B10: 1.5763664e-14 | D10: gene2 | E10: 2 | F10: 0 | G10: 0
A11: gene3 | B11: 1.8335151e-14 | D11: gene3 | E11: -1 | F11: 0 | G11: 0
E13: =(E9-E3)^2 -> 0 | F13: =(F9-F3)^2 -> 1.0037407e-11 | G13: =(G9-G3)^2 -> 1.3772736e-11
E14: =(E10-E4)^2 -> 2.7551114e-11 | F14: =(F10-F4)^2 -> 0 | G14: =(G10-G4)^2 -> 0
E15: =(E11-E5)^2 -> 1.1673064e-11 | F15: =(F11-F5)^2 -> 0 | G15: =(G11-G5)^2 -> 0
E17: =SUM(E13:G15) -> 6.3034321e-11

Sheet 10.21
A1: p con
A2: Parameter | B2: Value | D2: cols regulators/rows targets | E2: gene1 | F2: gene2 | G2: gene3
A3: LSE | B3: 9.6315538e-14 | D3: gene1 | E3: 0 | F3: 0.99999661 | G3: 1.9999926
A4: Penalty | B4: 1.4285644 | D4: gene2 | E4: -0.9999986 | F4: 0 | G4: 0
A5: min LSE | B5: 0 | D5: gene3 | E5: -1.9999975 | F5: 0 | G5: 0
A6: iteration count | B6: 130
A8: Gene | B8: wt MSE | D8: cols regulators/rows targets | E8: gene1 | F8: gene2 | G8: gene3
A9: gene1 | B9: 6.0015374e-14 | D9: gene1 | E9: 0 | F9: 1 | G9: 2
A10: gene2 | B10: 7.1012385e-14 | D10: gene2 | E10: -1 | F10: 0 | G10: 0
A11: gene3 | B11: 1.5791886e-13 | D11: gene3 | E11: -2 | F11: 0 | G11: 0
E13: =(E9-E3)^2 -> 0 | F13: =(F9-F3)^2 -> 1.1519089e-11 | G13: =(G9-G3)^2 -> 5.4974659e-11
E14: =(E10-E4)^2 -> 1.9574038e-12 | F14: =(F10-F4)^2 -> 0 | G14: =(G10-G4)^2 -> 0
E15: =(E11-E5)^2 -> 6.27232e-12 | F15: =(F11-F5)^2 -> 0 | G15: =(G11-G5)^2 -> 0
E17: =SUM(E13:G15) -> 7.4723472e-11

Sheet 10.20
A1: p con
A2: Parameter | B2: Value | D2: cols regulators/rows targets | E2: gene1 | F2: gene2 | G2: gene3
A3: LSE | B3: 1.136808e-13 | D3: gene1 | E3: 0 | F3: 1.999993 | G3: -0.99999736
A4: Penalty | B4: 1.4285632 | D4: gene2 | E4: -1.9999947 | F4: 0 | G4: 0
A5: min LSE | B5: 0 | D5: gene3 | E5: 0.99999836 | F5: 0 | G5: 0
A6: iteration count | B6: 122
A8: Gene | B8: wt MSE | D8: cols regulators/rows targets | E8: gene1 | F8: gene2 | G8: gene3
A9: gene1 | B9: 2.7527758e-14 | D9: gene1 | E9: 0 | F9: 2 | G9: -1
A10: gene2 | B10: 3.0452469e-13 | D10: gene2 | E10: -2 | F10: 0 | G10: 0
A11: gene3 | B11: 8.989946e-15 | D11: gene3 | E11: 1 | F11: 0 | G11: 0
E13: =(E9-E3)^2 -> 0 | F13: =(F9-F3)^2 -> 4.9046689e-11 | G13: =(G9-G3)^2 -> 6.9541937e-12
E14: =(E10-E4)^2 -> 2.80963e-11 | F14: =(F10-F4)^2 -> 0 | G14: =(G10-G4)^2 -> 0
E15: =(E11-E5)^2 -> 2.6803975e-12 | F15: =(F11-F5)^2 -> 0 | G15: =(G11-G5)^2 -> 0
E17: =SUM(E13:G15) -> 8.677758e-11

Sheet 10.19
A1: p con
A2: Parameter | B2: Value | D2: cols regulators/rows targets | E2: gene1 | F2: gene2 | G2: gene3
A3: LSE | B3: 2.4240511e-14 | D3: gene1 | E3: 0 | F3: -1.0000009 | G3: 1.0000001
A4: Penalty | B4: 1.4285667 | D4: gene2 | E4: -1.9999984 | F4: 0 | G4: 0
A5: min LSE | B5: 1.5802502e-33 | D5: gene3 | E5: 1.9999929 | F5: 0 | G5: 0
A6: iteration count | B6: 171
A8: Gene | B8: wt MSE | D8: cols regulators/rows targets | E8: gene1 | F8: gene2 | G8: gene3
A9: gene1 | B9: 6.7580644e-17 | D9: gene1 | E9: 0 | F9: -1 | G9: 1
A10: gene2 | B10: 5.0708474e-14 | D10: gene2 | E10: -2 | F10: 0 | G10: 0
A11: gene3 | B11: 2.1945478e-14 | D11: gene3 | E11: 2 | F11: 0 | G11: 0
E13: =(E9-E3)^2 -> 0 | F13: =(F9-F3)^2 -> 7.9958005e-13 | G13: =(G9-G3)^2 -> 4.2530006e-15
E14: =(E10-E4)^2 -> 2.4994583e-12 | F14: =(F10-F4)^2 -> 0 | G14: =(G10-G4)^2 -> 0
E15: =(E11-E5)^2 -> 5.1068391e-11 | F15: =(F11-F5)^2 -> 0 | G15: =(G11-G5)^2 -> 0
E17: =SUM(E13:G15) -> 5.4371683e-11

Sheet 10.18
A1: p con
A2: Parameter | B2: Value | D2: cols regulators/rows targets | E2: gene1 | F2: gene2 | G2: gene3
A3: LSE | B3: 2.1772708e-14 | D3: gene1 | E3: 0 | F3: 0.99999954 | G3: -1.9999985
A4: Penalty | B4: 1.4285697 | D4: gene2 | E4: 1.9999987 | F4: 0 | G4: 0
A5: min LSE | B5: 1.5802502e-33 | D5: gene3 | E5: -1.0000001 | F5: 0 | G5: 0
A6: iteration count | B6: 125
A8: Gene | B8: wt MSE | D8: cols regulators/rows targets | E8: gene1 | F8: gene2 | G8: gene3
A9: gene1 | B9: 2.1394998e-14 | D9: gene1 | E9: 0 | F9: 1 | G9: -2
A10: gene2 | B10: 2.8115634e-14 | D10: gene2 | E10: 2 | F10: 0 | G10: 0
A11: gene3 | B11: 1.5807493e-14 | D11: gene3 | E11: -1 | F11: 0 | G11: 0
E13: =(E9-E3)^2 -> 0 | F13: =(F9-F3)^2 -> 2.1247562e-13 | G13: =(G9-G3)^2 -> 2.2123974e-12
E14: =(E10-E4)^2 -> 1.8093463e-12 | F14: =(F10-F4)^2 -> 0 | G14: =(G10-G4)^2 -> 0
E15: =(E11-E5)^2 -> 3.0840498e-15 | F15: =(F11-F5)^2 -> 0 | G15: =(G11-G5)^2 -> 0
E17: =SUM(E13:G15) -> 4.2373034e-12

Sheet 10.17
A1: p con
A2: Parameter | B2: Value | D2: cols regulators/rows targets | E2: gene1 | F2: gene2 | G2: gene3
A3: LSE | B3: 9.4766386e-14 | D3: gene1 | E3: 0 | F3: -1.9999898 | G3: 1.9999935
A4: Penalty | B4: 1.4285617 | D4: gene2 | E4: -1.0000007 | F4: 0 | G4: 0
A5: min LSE | B5: 0 | D5: gene3 | E5: 0.99999878 | F5: 0 | G5: 0
A6: iteration count | B6: 194
A8: Gene | B8: wt MSE | D8: cols regulators/rows targets | E8: gene1 | F8: gene2 | G8: gene3
A9: gene1 | B9: 1.5751093e-13 | D9: gene1 | E9: 0 | F9: -2 | G9: 2
A10: gene2 | B10: 9.9014531e-14 | D10: gene2 | E10: -1 | F10: 0 | G10: 0
A11: gene3 | B11: 2.7773698e-14 | D11: gene3 | E11: 1 | F11: 0 | G11: 0
E13: =(E9-E3)^2 -> 0 | F13: =(F9-F3)^2 -> 1.0486177e-10 | G13: =(G9-G3)^2 -> 4.257211e-11
E14: =(E10-E4)^2 -> 4.673401e-13 | F14: =(F10-F4)^2 -> 0 | G14: =(G10-G4)^2 -> 0
E15: =(E11-E5)^2 -> 1.48212e-12 | F15: =(F11-F5)^2 -> 0 | G15: =(G11-G5)^2 -> 0
E17: =SUM(E13:G15) -> 1.4938334e-10

Sheet 10.16
A1: p con
A2: Parameter | B2: Value | D2: cols regulators/rows targets | E2: gene1 | F2: gene2 | G2: gene3
A3: LSE | B3: 8.7694222e-14 | D3: gene1 | E3: 0 | F3: 1.9999912 | G3: -0.99999389
A4: Penalty | B4: 1.4285638 | D4: gene2 | E4: 0.99999799 | F4: 0 | G4: 0
A5: min LSE | B5: 0 | D5: gene3 | E5: -1.9999996 | F5: 0 | G5: 0
A6: iteration count | B6: 187
A8: Gene | B8: wt MSE | D8: cols regulators/rows targets | E8: gene1 | F8: gene2 | G8: gene3
A9: gene1 | B9: 1.2086545e-13 | D9: gene1 | E9: 0 | F9: 2 | G9: -1
A10: gene2 | B10: 1.3130772e-14 | D10: gene2 | E10: 1 | F10: 0 | G10: 0
A11: gene3 | B11: 1.2908644e-13 | D11: gene3 | E11: -2 | F11: 0 | G11: 0
E13: =(E9-E3)^2 -> 0 | F13: =(F9-F3)^2 -> 7.6939771e-11 | G13: =(G9-G3)^2 -> 3.733799e-11
E14: =(E10-E4)^2 -> 4.0273167e-12 | F14: =(F10-F4)^2 -> 0 | G14: =(G10-G4)^2 -> 0
E15: =(E11-E5)^2 -> 1.8952146e-13 | F15: =(F11-F5)^2 -> 0 | G15: =(G11-G5)^2 -> 0
E17: =SUM(E13:G15) -> 1.184946e-10

Sheet 10.15
A1: p con
A2: Parameter | B2: Value | D2: cols regulators/rows targets | E2: gene1 | F2: gene2 | G2: gene3
A3: LSE | B3: 2.1772764e-14 | D3: gene1 | E3: 0 | F3: -1.9999985 | G3: 0.99999954
A4: Penalty | B4: 1.4285697 | D4: gene2 | E4: -1.0000001 | F4: 0 | G4: 0
A5: min LSE | B5: 1.5802502e-33 | D5: gene3 | E5: 1.9999987 | F5: 0 | G5: 0
A6: iteration count | B6: 125
A8: Gene | B8: wt MSE | D8: cols regulators/rows targets | E8: gene1 | F8: gene2 | G8: gene3
A9: gene1 | B9: 2.1395058e-14 | D9: gene1 | E9: 0 | F9: -2 | G9: 1
A10: gene2 | B10: 1.5807532e-14 | D10: gene2 | E10: -1 | F10: 0 | G10: 0
A11: gene3 | B11: 2.8115703e-14 | D11: gene3 | E11: 2 | F11: 0 | G11: 0
E13: =(E9-E3)^2 -> 0 | F13: =(F9-F3)^2 -> 2.2124039e-12 | G13: =(G9-G3)^2 -> 2.124761e-13
E14: =(E10-E4)^2 -> 3.0840703e-15 | F14: =(F10-F4)^2 -> 0 | G14: =(G10-G4)^2 -> 0
E15: =(E11-E5)^2 -> 1.8093523e-12 | F15: =(F11-F5)^2 -> 0 | G15: =(G11-G5)^2 -> 0
E17: =SUM(E13:G15) -> 4.2373164e-12

Sheet 10.14
A1: p con
A2: Parameter | B2: Value | D2: cols regulators/rows targets | E2: gene1 | F2: gene2 | G2: gene3
A3: LSE | B3: 2.4240528e-14 | D3: gene1 | E3: 0 | F3: 1.0000001 | G3: -1.0000009
A4: Penalty | B4: 1.4285667 | D4: gene2 | E4: 1.9999929 | F4: 0 | G4: 0
A5: min LSE | B5: 1.5802502e-33 | D5: gene3 | E5: -1.9999984 | F5: 0 | G5: 0
A6: iteration count | B6: 171
A8: Gene | B8: wt MSE | D8: cols regulators/rows targets | E8: gene1 | F8: gene2 | G8: gene3
A9: gene1 | B9: 6.7580155e-17 | D9: gene1 | E9: 0 | F9: 1 | G9: -1
A10: gene2 | B10: 2.1945505e-14 | D10: gene2 | E10: 2 | F10: 0 | G10: 0
A11: gene3 | B11: 5.07085e-14 | D11: gene3 | E11: -2 | F11: 0 | G11: 0
E13: =(E9-E3)^2 -> 0 | F13: =(F9-F3)^2 -> 4.252746e-15 | G13: =(G9-G3)^2 -> 7.9957859e-13
E14: =(E10-E4)^2 -> 5.1068423e-11 | F14: =(F10-F4)^2 -> 0 | G14: =(G10-G4)^2 -> 0
E15: =(E11-E5)^2 -> 2.4994536e-12 | F15: =(F11-F5)^2 -> 0 | G15: =(G11-G5)^2 -> 0
E17: =SUM(E13:G15) -> 5.4371708e-11

Sheet 10.13
A1: p con
A2: Parameter | B2: Value | D2: cols regulators/rows targets | E2: gene1 | F2: gene2 | G2: gene3
A3: LSE | B3: 8.7694512e-14 | D3: gene1 | E3: 0 | F3: -0.99999389 | G3: 1.9999912
A4: Penalty | B4: 1.4285638 | D4: gene2 | E4: -1.9999996 | F4: 0 | G4: 0
A5: min LSE | B5: 0 | D5: gene3 | E5: 0.99999799 | F5: 0 | G5: 0
A6: iteration count | B6: 187
A8: Gene | B8: wt MSE | D8: cols regulators/rows targets | E8: gene1 | F8: gene2 | G8: gene3
A9: gene1 | B9: 1.2086576e-13 | D9: gene1 | E9: 0 | F9: -1 | G9: 2
A10: gene2 | B10: 1.2908703e-13 | D10: gene2 | E10: -2 | F10: 0 | G10: 0
A11: gene3 | B11: 1.3130748e-14 | D11: gene3 | E11: 1 | F11: 0 | G11: 0
E13: =(E9-E3)^2 -> 0 | F13: =(F9-F3)^2 -> 3.7338179e-11 | G13: =(G9-G3)^2 -> 7.693991e-11
E14: =(E10-E4)^2 -> 1.8952315e-13 | F14: =(F10-F4)^2 -> 0 | G14: =(G10-G4)^2 -> 0
E15: =(E11-E5)^2 -> 4.0273136e-12 | F15: =(F11-F5)^2 -> 0 | G15: =(G11-G5)^2 -> 0
E17: =SUM(E13:G15) -> 1.1849493e-10

Sheet 10.12
A1: p con
A2: Parameter | B2: Value | D2: cols regulators/rows targets | E2: gene1 | F2: gene2 | G2: gene3
A3: LSE | B3: 9.4766565e-14 | D3: gene1 | E3: 0 | F3: 1.9999935 | G3: -1.9999898
A4: Penalty | B4: 1.4285617 | D4: gene2 | E4: 0.99999878 | F4: 0 | G4: 0
A5: min LSE | B5: 0 | D5: gene3 | E5: -1.0000007 | F5: 0 | G5: 0
A6: iteration count | B6: 194
A8: Gene | B8: wt MSE | D8: cols regulators/rows targets | E8: gene1 | F8: gene2 | G8: gene3
A9: gene1 | B9: 1.5750951e-13 | D9: gene1 | E9: 0 | F9: 2 | G9: -2
A10: gene2 | B10: 2.7773115e-14 | D10: gene2 | E10: 1 | F10: 0 | G10: 0
A11: gene3 | B11: 9.9017068e-14 | D11: gene3 | E11: -1 | F11: 0 | G11: 0
E13: =(E9-E3)^2 -> 0 | F13: =(F9-F3)^2 -> 4.2571452e-11 | G13: =(G9-G3)^2 -> 1.048597e-10
E14: =(E10-E4)^2 -> 1.4820938e-12 | F14: =(F10-F4)^2 -> 0 | G14: =(G10-G4)^2 -> 0
E15: =(E11-E5)^2 -> 4.672814e-13 | F15: =(F11-F5)^2 -> 0 | G15: =(G11-G5)^2 -> 0
E17: =SUM(E13:G15) -> 1.4938053e-10

Sheet 10.11
A1: p con
A2: Parameter | B2: Value | D2: cols regulators/rows targets | E2: gene1 | F2: gene2 | G2: gene3
A3: LSE | B3: 6.3024314e-14 | D3: gene1 | E3: 0 | F3: -1.9999937 | G3: -1.0000023
A4: Penalty | B4: 1.4285637 | D4: gene2 | E4: 0.99999977 | F4: 0 | G4: 0
A5: min LSE | B5: 0 | D5: gene3 | E5: 1.9999917 | F5: 0 | G5: 0
A6: iteration count | B6: 146
A8: Gene | B8: wt MSE | D8: cols regulators/rows targets | E8: gene1 | F8: gene2 | G8: gene3
A9: gene1 | B9: 7.4612037e-14 | D9: gene1 | E9: 0 | F9: -2 | G9: -1
A10: gene2 | B10: 2.2655421e-16 | D10: gene2 | E10: 1 | F10: 0 | G10: 0
A11: gene3 | B11: 1.1423435e-13 | D11: gene3 | E11: 2 | F11: 0 | G11: 0
E13: =(E9-E3)^2 -> 0 | F13: =(F9-F3)^2 -> 3.9542121e-11 | G13: =(G9-G3)^2 -> 5.1116892e-12
E14: =(E10-E4)^2 -> 5.2019918e-14 | F14: =(F10-F4)^2 -> 0 | G14: =(G10-G4)^2 -> 0
E15: =(E11-E5)^2 -> 6.9051319e-11 | F15: =(F11-F5)^2 -> 0 | G15: =(G11-G5)^2 -> 0
E17: =SUM(E13:G15) -> 1.1375715e-10

Sheet 10.10
A1: p con
A2: Parameter | B2: Value | D2: cols regulators/rows targets | E2: gene1 | F2: gene2 | G2: gene3
A3: LSE | B3: 1.2563506e-13 | D3: gene1 | E3: 0 | F3: -0.99999685 | G3: 0.99999447
A4: Penalty | B4: 1.4285608 | D4: gene2 | E4: 1.9999935 | F4: 0 | G4: 0
A5: min LSE | B5: 1.5802502e-33 | D5: gene3 | E5: -1.9999922 | F5: 0 | G5: 0
A6: iteration count | B6: 138
A8: Gene | B8: wt MSE | D8: cols regulators/rows targets | E8: gene1 | F8: gene2 | G8: gene3
A9: gene1 | B9: 8.0119658e-14 | D9: gene1 | E9: 0 | F9: -1 | G9: 1
A10: gene2 | B10: 1.8672718e-14 | D10: gene2 | E10: 2 | F10: 0 | G10: 0
A11: gene3 | B11: 2.781128e-13 | D11: gene3 | E11: -2 | F11: 0 | G11: 0
E13: =(E9-E3)^2 -> 0 | F13: =(F9-F3)^2 -> 9.9155289e-12 | G13: =(G9-G3)^2 -> 3.0629574e-11
E14: =(E10-E4)^2 -> 4.2843539e-11 | F14: =(F10-F4)^2 -> 0 | G14: =(G10-G4)^2 -> 0
E15: =(E11-E5)^2 -> 6.0736206e-11 | F15: =(F11-F5)^2 -> 0 | G15: =(G11-G5)^2 -> 0
E17: =SUM(E13:G15) -> 1.4412485e-10

Sheet 10.9
A1: p con
A2: Parameter | B2: Value | D2: cols regulators/rows targets | E2: gene1 | F2: gene2 | G2: gene3
A3: LSE | B3: 6.406088e-13 | D3: gene1 | E3: 0 | F3: 1.0001088 | G3: 1.9998971
A4: Penalty | B4: 1.4284697 | D4: gene2 | E4: -1.9998906 | F4: 0 | G4: 0
A5: min LSE | B5: 0 | D5: gene3 | E5: -0.99995966 | F5: 0 | G5: 0
A6: iteration count | B6: 80426
A8: Gene | B8: wt MSE | D8: cols regulators/rows targets | E8: gene1 | F8: gene2 | G8: gene3
A9: gene1 | B9: 8.8779511e-13 | D9: gene1 | E9: 0 | F9: 1 | G9: 2
A10: gene2 | B10: 8.8522224e-13 | D10: gene2 | E10: -2 | F10: 0 | G10: 0
A11: gene3 | B11: 1.4880904e-13 | D11: gene3 | E11: -1 | F11: 0 | G11: 0
E13: =(E9-E3)^2 -> 0 | F13: =(F9-F3)^2 -> 1.1845064e-08 | G13: =(G9-G3)^2 -> 1.0581713e-08
E14: =(E10-E4)^2 -> 1.1978303e-08 | F14: =(F10-F4)^2 -> 0 | G14: =(G10-G4)^2 -> 0
E15: =(E11-E5)^2 -> 1.6277182e-09 | F15: =(F11-F5)^2 -> 0 | G15: =(G11-G5)^2 -> 0
E17: =SUM(E13:G15) -> 3.6032797e-08

Sheet 10.8
A1: p con
A2: Parameter | B2: Value | D2: cols regulators/rows targets | E2: gene1 | F2: gene2 | G2: gene3
A3: LSE | B3: 4.0004192e-11 | D3: gene1 | E3: 0 | F3: 1.9959241 | G3: -1.9971272
A4: Penalty | B4: 1.4250002 | D4: gene2 | E4: -1.0006244 | F4: 0 | G4: 0
A5: min LSE | B5: 3.9506255e-34 | D5: gene3 | E5: 1.0007607 | F5: 0 | G5: 0
A6: iteration count | B6: 322
A8: Gene | B8: wt MSE | D8: cols regulators/rows targets | E8: gene1 | F8: gene2 | G8: gene3
A9: gene1 | B9: 4.7190155e-11 | D9: gene1 | E9: 0 | F9: 2 | G9: -2
A10: gene2 | B10: 2.9409507e-11 | D10: gene2 | E10: -1 | F10: 0 | G10: 0
A11: gene3 | B11: 4.3412913e-11 | D11: gene3 | E11: 1 | F11: 0 | G11: 0
E13: =(E9-E3)^2 -> 0 | F13: =(F9-F3)^2 -> 1.6613171e-05 | G13: =(G9-G3)^2 -> 8.2530673e-06
E14: =(E10-E4)^2 -> 3.8991424e-07 | F14: =(F10-F4)^2 -> 0 | G14: =(G10-G4)^2 -> 0
E15: =(E11-E5)^2 -> 5.7862186e-07 | F15: =(F11-F5)^2 -> 0 | G15: =(G11-G5)^2 -> 0
E17: =SUM(E13:G15) -> 2.5834775e-05

Sheet 10.7
A1: p con
A2: Parameter | B2: Value | D2: cols regulators/rows targets | E2: gene1 | F2: gene2 | G2: gene3
A3: LSE | B3: 9.2519758e-14 | D3: gene1 | E3: 0 | F3: 0.99999629 | G3: -1.9999968
A4: Penalty | B4: 1.4285646 | D4: gene2 | E4: -0.99999658 | F4: 0 | G4: 0
A5: min LSE | B5: 9.8765638e-35 | D5: gene3 | E5: 1.9999948 | F5: 0 | G5: 0
A6: iteration count | B6: 130
A8: Gene | B8: wt MSE | D8: cols regulators/rows targets | E8: gene1 | F8: gene2 | G8: gene3
A9: gene1 | B9: 2.4346043e-13 | D9: gene1 | E9: 0 | F9: 1 | G9: -2
A10: gene2 | B10: 1.8335165e-14 | D10: gene2 | E10: -1 | F10: 0 | G10: 0
A11: gene3 | B11: 1.5763673e-14 | D11: gene3 | E11: 2 | F11: 0 | G11: 0
E13: =(E9-E3)^2 -> 0 | F13: =(F9-F3)^2 -> 1.3772754e-11 | G13: =(G9-G3)^2 -> 1.0037416e-11
E14: =(E10-E4)^2 -> 1.1673078e-11 | F14: =(F10-F4)^2 -> 0 | G14: =(G10-G4)^2 -> 0
E15: =(E11-E5)^2 -> 2.7551141e-11 | F15: =(F11-F5)^2 -> 0 | G15: =(G11-G5)^2 -> 0
E17: =SUM(E13:G15) -> 6.303439e-11

Sheet 10.6
A1: p con
A2: Parameter | B2: Value | D2: cols regulators/rows targets | E2: gene1 | F2: gene2 | G2: gene3
A3: LSE | B3: 4.8702803e-14 | D3: gene1 | E3: 0 | F3: -1.9999971 | G3: -1.0000004
A4: Penalty | B4: 1.4285671 | D4: gene2 | E4: 1.9999958 | F4: 0 | G4: 0
A5: min LSE | B5: 0 | D5: gene3 | E5: 0.99999877 | F5: 0 | G5: 0
A6: iteration count | B6: 138
A8: Gene | B8: wt MSE | D8: cols regulators/rows targets | E8: gene1 | F8: gene2 | G8: gene3
A9: gene1 | B9: 1.1609852e-13 | D9: gene1 | E9: 0 | F9: -2 | G9: -1
A10: gene2 | B10: 2.6699569e-14 | D10: gene2 | E10: 2 | F10: 0 | G10: 0
A11: gene3 | B11: 3.3103233e-15 | D11: gene3 | E11: 1 | F11: 0 | G11: 0
E13: =(E9-E3)^2 -> 0 | F13: =(F9-F3)^2 -> 8.6581673e-12 | G13: =(G9-G3)^2 -> 1.7167851e-13
E14: =(E10-E4)^2 -> 1.7623901e-11 | F14: =(F10-F4)^2 -> 0 | G14: =(G10-G4)^2 -> 0
E15: =(E11-E5)^2 -> 1.500753e-12 | F15: =(F11-F5)^2 -> 0 | G15: =(G11-G5)^2 -> 0
E17: =SUM(E13:G15) -> 2.79545e-11

Sheet 10.5
A1: p con
A2: Parameter | B2: Value | D2: cols regulators/rows targets | E2: gene1 | F2: gene2 | G2: gene3
A3: LSE | B3: 1.1368111e-13 | D3: gene1 | E3: 0 | F3: -0.99999736 | G3: 1.999993
A4: Penalty | B4: 1.4285632 | D4: gene2 | E4: 0.99999836 | F4: 0 | G4: 0
A5: min LSE | B5: 0 | D5: gene3 | E5: -1.9999947 | F5: 0 | G5: 0
A6: iteration count | B6: 122
A8: Gene | B8: wt MSE | D8: cols regulators/rows targets | E8: gene1 | F8: gene2 | G8: gene3
A9: gene1 | B9: 2.7527878e-14 | D9: gene1 | E9: 0 | F9: -1 | G9: 2
A10: gene2 | B10: 8.9899727e-15 | D10: gene2 | E10: 1 | F10: 0 | G10: 0
A11: gene3 | B11: 3.0452549e-13 | D11: gene3 | E11: -2 | F11: 0 | G11: 0
E13: =(E9-E3)^2 -> 0 | F13: =(F9-F3)^2 -> 6.9542252e-12 | G13: =(G9-G3)^2 -> 4.904682e-11
E14: =(E10-E4)^2 -> 2.6804202e-12 | F14: =(F10-F4)^2 -> 0 | G14: =(G10-G4)^2 -> 0
E15: =(E11-E5)^2 -> 2.8096377e-11 | F15: =(F11-F5)^2 -> 0 | G15: =(G11-G5)^2 -> 0
E17: =SUM(E13:G15) -> 8.6777842e-11

Sheet 10.4
A1: P con
A2: Parameter | B2: Value | D2: cols regulators/rows targets | E2: gene1 | F2: gene2 | G2: gene3
A3: LSE | B3: 9.6316112e-14 | D3: gene1 | E3: 0 | F3: 1.9999926 | G3: 0.99999661
A4: Penalty | B4: 1.4285644 | D4: gene2 | E4: -1.9999975 | F4: 0 | G4: 0
A5: min LSE | B5: 0 | D5: gene3 | E5: -0.9999986 | F5: 0 | G5: 0
A6: iteration count | B6: 130
A8: Gene | B8: wt MSE | D8: cols regulators/rows targets | E8: gene1 | F8: gene2 | G8: gene3
A9: gene1 | B9: 6.001567e-14 | D9: gene1 | E9: 0 | F9: 2 | G9: 1
A10: gene2 | B10: 1.5791983e-13 | D10: gene2 | E10: -2 | F10: 0 | G10: 0
A11: gene3 | B11: 7.1012839e-14 | D11: gene3 | E11: -1 | F11: 0 | G11: 0
E13: =(E9-E3)^2 -> 0 | F13: =(F9-F3)^2 -> 5.497495e-11 | G13: =(G9-G3)^2 -> 1.1519157e-11
E14: =(E10-E4)^2 -> 6.2723702e-12 | F14: =(F10-F4)^2 -> 0 | G14: =(G10-G4)^2 -> 0
E15: =(E11-E5)^2 -> 1.9574204e-12 | F15: =(F11-F5)^2 -> 0 | G15: =(G11-G5)^2 -> 0
E17: =SUM(E13:G15) -> 7.4723897e-11

Sheet 10.3
A1: P con
A2: Parameter | B2: Value | D2: cols regulators/rows targets | E2: gene1 | F2: gene2 | G2: gene3
A3: LSE | B3: 1.2563509e-13 | D3: gene1 | E3: 0 | F3: 0.99999447 | G3: -0.99999685
A4: Penalty | B4: 1.4285608 | D4: gene2 | E4: -1.9999922 | F4: 0 | G4: 0
A5: min LSE | B5: 1.5802502e-33 | D5: gene3 | E5: 1.9999935 | F5: 0 | G5: 0
A6: iteration count | B6: 138
A8: Gene | B8: wt MSE | D8: cols regulators/rows targets | E8: gene1 | F8: gene2 | G8: gene3
A9: gene1 | B9: 8.0119668e-14 | D9: gene1 | E9: 0 | F9: 1 | G9: -1
A10: gene2 | B10: 2.7811289e-13 | D10: gene2 | E10: -2 | F10: 0 | G10: 0
A11: gene3 | B11: 1.8672725e-14 | D11: gene3 | E11: 2 | F11: 0 | G11: 0
E13: =(E9-E3)^2 -> 0 | F13: =(F9-F3)^2 -> 3.0629589e-11 | G13: =(G9-G3)^2 -> 9.915532e-12
E14: =(E10-E4)^2 -> 6.0736219e-11 | F14: =(F10-F4)^2 -> 0 | G14: =(G10-G4)^2 -> 0
E15: =(E11-E5)^2 -> 4.2843556e-11 | F15: =(F11-F5)^2 -> 0 | G15: =(G11-G5)^2 -> 0
E17: =SUM(E13:G15) -> 1.441249e-10

Sheet 10.2
A1: P con
A2: Parameter | B2: Value | D2: cols regulators/rows targets | E2: gene1 | F2: gene2 | G2: gene3 | I2: cols regulators/rows targets | J2: gene1 | K2: gene2 | L2: gene3
A3: LSE | B3: 6.3024509e-14 | D3: gene1 | E3: 0 | F3: -1.0000023 | G3: -1.9999937 | I3: gene1 | J3: 0 | K3: w3 | L3: w4
A4: Penalty | B4: 1.4285637 | D4: gene2 | E4: 1.9999917 | F4: 0 | G4: 0 | I4: gene2 | J4: w1 | K4: 0 | L4: 0
A5: min LSE | B5: 0 | D5: gene3 | E5: 0.99999977 | F5: 0 | G5: 0 | I5: gene3 | J5: w2 | K5: 0 | L5: 0
A6: iteration count | B6: 146
A8: Gene | B8: wt MSE | D8: cols regulators/rows targets | E8: gene1 | F8: gene2 | G8: gene3
A9: gene1 | B9: 7.4612363e-14 | D9: gene1 | E9: 0 | F9: -1 | G9: -2
A10: gene2 | B10: 1.142346e-13 | D10: gene2 | E10: 2 | F10: 0 | G10: 0
A11: gene3 | B11: 2.2656042e-16 | D11: gene3 | E11: 1 | F11: 0 | G11: 0
E13: =(E9-E3)^2 -> 0 | F13: =(F9-F3)^2 -> 5.1116929e-12 | G13: =(G9-G3)^2 -> 3.9542164e-11
E14: =(E10-E4)^2 -> 6.9051481e-11 | F14: =(F10-F4)^2 -> 0 | G14: =(G10-G4)^2 -> 0
E15: =(E11-E5)^2 -> 5.2022481e-14 | F15: =(F11-F5)^2 -> 0 | G15: =(G11-G5)^2 -> 0
E17: =SUM(E13:G15) -> 1.1375736e-10

Sheet 10.1
A1: P con
A2: Parameter | B2: Value | D2: cols regulators/rows targets | E2: gene1 | F2: gene2 | G2: gene3
A3: LSE | B3: 4.0005294e-11 | D3: gene1 | E3: 0 | F3: -1.9971271 | G3: 1.995924
A4: Penalty | B4: 1.4250002 | D4: gene2 | E4: 1.0007607 | F4: 0 | G4: 0
A5: min LSE | B5: 3.9506255e-34 | D5: gene3 | E5: -1.0006244 | F5: 0 | G5: 0
A6: iteration count | B6: 322
A8: Gene | B8: wt MSE | D8: cols regulators/rows targets | E8: gene1 | F8: gene2 | G8: gene3
A9: gene1 | B9: 4.7191335e-11 | D9: gene1 | E9: 0 | F9: -2 | G9: 2
A10: gene2 | B10: 4.3414352e-11 | D10: gene2 | E10: 1 | F10: 0 | G10: 0
A11: gene3 | B11: 2.9410196e-11 | D11: gene3 | E11: -1 | F11: 0 | G11: 0
E13: =(E9-E3)^2 -> 0 | F13: =(F9-F3)^2 -> 8.2532949e-06 | G13: =(G9-G3)^2 -> 1.6613634e-05
E14: =(E10-E4)^2 -> 5.7863916e-07 | F14: =(F10-F4)^2 -> 0 | G14: =(G10-G4)^2 -> 0
E15: =(E11-E5)^2 -> 3.899249e-07 | F15: =(F11-F5)^2 -> 0 | G15: =(G11-G5)^2 -> 0
E17: =SUM(E13:G15) -> 2.5835493e-05

Sheet 10.0
A1: P con
A2: Parameter | B2: Value | D2: cols regulators/rows targets | E2: gene1 | F2: gene2 | G2: gene3
A3: LSE | B3: 6.4058657e-13 | D3: gene1 | E3: 0 | F3: 1.9998971 | G3: 1.0001088
A4: Penalty | B4: 1.4284697 | D4: gene2 | E4: -0.99995966 | F4: 0 | G4: 0
A5: min LSE | B5: 0 | D5: gene3 | E5: -1.9998906 | F5: 0 | G5: 0
A6: iteration count | B6: 80426
A8: Gene | B8: wt MSE | D8: cols regulators/rows targets | E8: gene1 | F8: gene2 | G8: gene3
A9: gene1 | B9: 8.8775018e-13 | D9: gene1 | E9: 0 | F9: 2 | G9: 1
A10: gene2 | B10: 1.4880637e-13 | D10: gene2 | E10: -1 | F10: 0 | G10: 0
A11: gene3 | B11: 8.8520317e-13 | D11: gene3 | E11: -2 | F11: 0 | G11: 0
E13: =(E9-E3)^2 -> 0 | F13: =(F9-F3)^2 -> 1.0581288e-08 | G13: =(G9-G3)^2 -> 1.1844518e-08
E14: =(E10-E4)^2 -> 1.6276466e-09 | F14: =(F10-F4)^2 -> 0 | G14: =(G10-G4)^2 -> 0
E15: =(E11-E5)^2 -> 1.1977807e-08 | F15: =(F11-F5)^2 -> 0 | G15: =(G11-G5)^2 -> 0
E17: =SUM(E13:G15) -> 3.6031259e-08
