Workbook

Sheet compare no const with Pb const
A1: Trial | B1: Calculated LSE PB constant | C1: Calculated LSE No constant | N1: Trial | O1: Calculated LSE PB constant | P1: Calculated LSE No constant
A2: 10.09 | B2: 1.6926652e-12 | C2: 0.02056217 | N2: 10.09 | O2: 1.6926652e-12 | P2: 0.02056217
A3: 10 | B3: 1.6926657e-12 | C3: 0.020856818 | N3: 10 | O3: 1.6926657e-12 | P3: 0.020856818
A4: 10.21 | B4: 4.3454341e-10 | C4: 0.032929288 | N4: 10.15 | O4: 1.1736282e-11 | P4: 4.4636455
A5: 10.04 | B5: 4.3454244e-10 | C5: 0.033081978 | N5: 10.18 | O5: 1.1736283e-11 | P5: 4.4960916
A6: 10.16 | B6: 2.8576388e-10 | C6: 0.095049947 | N6: 10.19 | O6: 1.4201804e-11 | P6: 6.3538134
A7: 10.23 | B7: 1.970967e-11 | C7: 0.1560287 | N7: 10.14 | O7: 1.4201814e-11 | P7: 5.043308
A8: 10.06 | B8: 1.9709694e-11 | C8: 0.18397093 | N8: 10.23 | O8: 1.970967e-11 | P8: 0.1560287
A9: 10.22 | B9: 1.3345819e-09 | C9: 0.1856777 | N9: 10.06 | O9: 1.9709694e-11 | P9: 0.18397093
A10: 10.07 | B10: 1.3345794e-09 | C10: 0.34767527 | N10: 10.02 | O10: 3.7583228e-11 | P10: 8.8192464
A11: 10.2 | B11: 9.5642693e-10 | C11: 1.3650192 | N11: 10.11 | O11: 3.7583241e-11 | P11: 13.745058
A12: 10.05 | B12: 9.5642101e-10 | C12: 1.3674553 | N12: 10.03 | O12: 2.6712893e-10 | P12: 2.1252586
A13: 10.1 | B13: 2.6712898e-10 | C13: 2.1173051 | N13: 10.1 | O13: 2.6712898e-10 | P13: 2.1173051
... A25: 10.12 | B25: 4.3489577e-10 | C25: 25.497318 | N25: 10.01 | O25: 8.4660322e-08 | P25: 4.4872615
N26: Average | O26: =AVERAGE(O2:O25) -> 7.3715465e-09 | P26: =AVERAGE(P2:P25) -> 4.8559289
N27: Median | O27: =MEDIAN(O2:O26) -> 2.8576323e-10 | P27: =MEDIAN(P2:P26) -> 2.1252586

Sheet B constant
A1: Trial | B1: Calculated LSE | C1: GRNmap LSE | E1: Trial | F1: Calculated LSE | G1: GRNmap LSE
A2: 10.12 | B2: 9.9040287e-09 | C2: 5.2994653e-13 | E2: 10 | F2: ='10.0'!E17 -> 1.0243274e-07 | G2: ='10.0'!B3 -> 1.3006038e-12
A3: 10.17 | B3: 9.9080219e-09 | C3: 5.3011476e-13 | E3: 10.01 | F3: ='10.1'!E17 -> 4.6222527 | G3: ='10.1'!B3 -> 2.6049534e-07
A4: 10.18 | B4: 3.6656086e-08 | C4: 5.7942683e-12 | E4: 10.02 | F4: ='10.2'!E17 -> 0.00056808313 | G4: ='10.2'!B3 -> 4.2037898e-11
A5: 10.15 | B5: 3.6656203e-08 | C5: 5.7942747e-12 | E5: 10.03 | F5: ='10.3'!E17 -> 5.2472754 | G5: ='10.3'!B3 -> 9.0923626e-08
A6: 10 | B6: 1.0243274e-07 | C6: 1.3006038e-12 | E6: 10.04 | F6: ='10.4'!E17 -> 2.1411575e-06 | G6: ='10.4'!B3 -> 7.7073406e-12
A7: 10.09 | B7: 4.3918241e-07 | C7: 1.0996439e-11 | E7: 10.05 | F7: ='10.5'!E17 -> 0.010147727 | G7: ='10.5'!B3 -> 6.006813e-10
A8: 10.04 | B8: 2.1411575e-06 | C8: 7.7073406e-12 | E8: 10.06 | F8: ='10.6'!E17 -> 0.037664656 | G8: ='10.6'!B3 -> 1.9255336e-09
A9: 10.21 | B9: 2.1444653e-06 | C9: 7.7291141e-12 | E9: 10.07 | F9: ='10.7'!E17 -> 0.0058333061 | G9: ='10.7'!B3 -> 6.0042914e-10
A10: 10.02 | B10: 0.00056808313 | C10: 4.2037898e-11 | E10: 10.08 | F10: ='10.8'!E17 -> 4.4926323 | G10: ='10.8'!B3 -> 2.6236121e-07
A11: 10.11 | B11: 0.0019361954 | C11: 1.4284112e-10 | E11: 10.09 | F11: ='10.9'!E17 -> 4.3918241e-07 | G11: ='10.9'!B3 -> 1.0996439e-11
A12: 10.23 | B12: 0.0021577745 | C12: 1.0817728e-10 | E12: 10.1 | F12: ='10.10'!E17 -> 5.1552972 | G12: ='10.10'!B3 -> 9.3305016e-08
A13: 10.22 | B13: 0.0055945894 | C13: 5.7616617e-10 | E13: 10.11 | F13: ='10.11'!E17 -> 0.0019361954 | G13: ='10.11'!B3 -> 1.4284112e-10
A14: 10.07 | B14: 0.0058333061 | C14: 6.0042914e-10 | E14: 10.12 | F14: ='10.12'!E17 -> 9.9040287e-09 | G14: ='10.12'!B3 -> 5.2994653e-13
A15: 10.2 | B15: 0.0092399504 | C15: 5.3234136e-10 | E15: 10.13 | F15: ='10.13'!E17 -> 0.20782219 | G15: ='10.13'!B3 -> 5.3321967e-08
A16: 10.05 | B16: 0.010147727 | C16: 6.006813e-10 | E16: 10.14 | F16: ='10.14'!E17 -> 9.6323754 | G16: ='10.14'!B3 -> 3.4196084e-06
A17: 10.06 | B17: 0.037664656 | C17: 1.9255336e-09 | E17: 10.15 | F17: ='10.15'!E17 -> 3.6656203e-08 | G17: ='10.15'!B3 -> 5.7942747e-12
A18: 10.13 | B18: 0.20782219 | C18: 5.3321967e-08 | E18: 10.16 | F18: ='10.16'!E17 -> 0.20782401 | G18: ='10.16'!B3 -> 5.3321831e-08
A19: 10.16 | B19: 0.20782401 | C19: 5.3321831e-08 | E19: 10.17 | F19: ='10.17'!E17 -> 9.9080219e-09 | G19: ='10.17'!B3 -> 5.3011476e-13
A20: 10.08 | B20: 4.4926323 | C20: 2.6236121e-07 | E20: 10.18 | F20: ='10.18'!E17 -> 3.6656086e-08 | G20: ='10.18'!B3 -> 5.7942683e-12
A21: 10.01 | B21: 4.6222527 | C21: 2.6049534e-07 | E21: 10.19 | F21: ='10.19'!E17 -> 8.9254106 | G21: ='10.19'!B3 -> 3.6008305e-06
A22: 10.1 | B22: 5.1552972 | C22: 9.3305016e-08 | E22: 10.2 | F22: ='10.20'!E17 -> 0.0092399504 | G22: ='10.20'!B3 -> 5.3234136e-10
A23: 10.03 | B23: 5.2472754 | C23: 9.0923626e-08 | E23: 10.21 | F23: ='10.21'!E17 -> 2.1444653e-06 | G23: ='10.21'!B3 -> 7.7291141e-12
A24: 10.19 | B24: 8.9254106 | C24: 3.6008305e-06 | E24: 10.22 | F24: ='10.22'!E17 -> 0.0055945894 | G24: ='10.22'!B3 -> 5.7616617e-10
A25: 10.14 | B25: 9.6323754 | C25: 3.4196084e-06 | E25: 10.23 | F25: ='10.23'!E17 -> 0.0021577745 | G25: ='10.23'!B3 -> 1.0817728e-10
A26: Average | B26: =AVERAGE(B2:B25) -> 1.6068349 | E26: Average | F26: =AVERAGE(F2:F25) -> 1.6068349
A27: Sum | B27: =SUM(B2:B25) -> 38.564037 | E27: Sum | F27: =SUM(F2:F25) -> 38.564037

Sheet 10.23
A1: no
A2: Parameter | B2: Value | D2: cols regulators/rows targets | E2: gene1 | F2: gene2 | G2: gene3
A3: LSE | B3: 1.0817728e-10 | D3: gene1 | E3: 0 | F3: -1.0401478 | G3: -1.976635
A4: Penalty | B4: 1.4677286 | D4: gene2 | E4: 1.0000221 | F4: 0 | G4: 0
A5: min LSE | B5: 0 | D5: gene3 | E5: 2.0000797 | F5: 0 | G5: 0
A6: iteration count | B6: 5404
A8: Gene | B8: wt MSE | D8: cols regulators/rows targets | E8: gene1 | F8: gene2 | G8: gene3
A9: gene1 | B9: 3.2214272e-10 | D9: gene1 | E9: 0 | F9: -1 | G9: -2
A10: gene2 | B10: 6.4626589e-13 | D10: gene2 | E10: 1 | F10: 0 | G10: 0
A11: gene3 | B11: 1.742864e-12 | D11: gene3 | E11: 2 | F11: 0 | G11: 0
E13: =(E9-E3)^2 -> 0 | F13: =(F9-F3)^2 -> 0.0016118451 | G13: =(G9-G3)^2 -> 0.00054592256
E14: =(E10-E4)^2 -> 4.8955604e-10 | F14: =(F10-F4)^2 -> 0 | G14: =(G10-G4)^2 -> 0
E15: =(E11-E5)^2 -> 6.3474371e-09 | F15: =(F11-F5)^2 -> 0 | G15: =(G11-G5)^2 -> 0
E17: =SUM(E13:G15) -> 0.0021577745

Sheet 10.22
A1: b con
A2: Parameter | B2: Value | D2: cols regulators/rows targets | E2: gene1 | F2: gene2 | G2: gene3
A3: LSE | B3: 5.7616617e-10 | D3: gene1 | E3: 0 | F3: -2.0219617 | G3: 0.92869035
A4: Penalty | B4: 1.460782 | D4: gene2 | E4: 1.9949011 | F4: 0 | G4: 0
A5: min LSE | B5: 9.8765638e-35 | D5: gene3 | E5: -0.99890116 | F5: 0 | G5: 0
A6: iteration count | B6: 9119
A8: Gene | B8: wt MSE | D8: cols regulators/rows targets | E8: gene1 | F8: gene2 | G8: gene3
A9: gene1 | B9: 1.4389179e-09 | D9: gene1 | E9: 0 | F9: -2 | G9: 1
A10: gene2 | B10: 1.6494601e-10 | D10: gene2 | E10: 2 | F10: 0 | G10: 0
A11: gene3 | B11: 1.2463463e-10 | D11: gene3 | E11: -1 | F11: 0 | G11: 0
E13: =(E9-E3)^2 -> 0 | F13: =(F9-F3)^2 -> 0.00048231723 | G13: =(G9-G3)^2 -> 0.0050850658
E14: =(E10-E4)^2 -> 2.5998916e-05 | F14: =(F10-F4)^2 -> 0 | G14: =(G10-G4)^2 -> 0
E15: =(E11-E5)^2 -> 1.2074443e-06 | F15: =(F11-F5)^2 -> 0 | G15: =(G11-G5)^2 -> 0
E17: =SUM(E13:G15) -> 0.0055945894

Sheet 10.21
A1: b con
A2: Parameter | B2: Value | D2: cols regulators/rows targets | E2: gene1 | F2: gene2 | G2: gene3
A3: LSE | B3: 7.7291141e-12 | D3: gene1 | E3: 0 | F3: 0.99878512 | G3: 1.9992983
A4: Penalty | B4: 1.4677885 | D4: gene2 | E4: -0.99983291 | F4: 0 | G4: 0
A5: min LSE | B5: 0 | D5: gene3 | E5: -1.999615 | F5: 0 | G5: 0
A6: iteration count | B6: 2376
A8: Gene | B8: wt MSE | D8: cols regulators/rows targets | E8: gene1 | F8: gene2 | G8: gene3
A9: gene1 | B9: 1.2808883e-11 | D9: gene1 | E9: 0 | F9: 1 | G9: 2
A10: gene2 | B10: 2.0036097e-12 | D10: gene2 | E10: -1 | F10: 0 | G10: 0
A11: gene3 | B11: 8.3748497e-12 | D11: gene3 | E11: -2 | F11: 0 | G11: 0
E13: =(E9-E3)^2 -> 0 | F13: =(F9-F3)^2 -> 1.4759381e-06 | G13: =(G9-G3)^2 -> 4.9236576e-07
E14: =(E10-E4)^2 -> 2.7917546e-08 | F14: =(F10-F4)^2 -> 0 | G14: =(G10-G4)^2 -> 0
E15: =(E11-E5)^2 -> 1.482439e-07 | F15: =(F11-F5)^2 -> 0 | G15: =(G11-G5)^2 -> 0
E17: =SUM(E13:G15) -> 2.1444653e-06

Sheet 10.20
A1: b con
A2: Parameter | B2: Value | D2: cols regulators/rows targets | E2: gene1 | F2: gene2 | G2: gene3
A3: LSE | B3: 5.3234136e-10 | D3: gene1 | E3: 0 | F3: 1.9090699 | G3: -1.0284734
A4: Penalty | B4: 1.4206765 | D4: gene2 | E4: -1.9932246 | F4: 0 | G4: 0
A5: min LSE | B5: 0 | D5: gene3 | E5: 0.98927462 | F5: 0 | G5: 0
A6: iteration count | B6: 6108
A8: Gene | B8: wt MSE | D8: cols regulators/rows targets | E8: gene1 | F8: gene2 | G8: gene3
A9: gene1 | B9: 4.6867953e-10 | D9: gene1 | E9: 0 | F9: 2 | G9: -1
A10: gene2 | B10: 8.4679048e-10 | D10: gene2 | E10: -2 | F10: 0 | G10: 0
A11: gene3 | B11: 2.8155406e-10 | D11: gene3 | E11: 1 | F11: 0 | G11: 0
E13: =(E9-E3)^2 -> 0 | F13: =(F9-F3)^2 -> 0.0082682767 | G13: =(G9-G3)^2 -> 0.00081073408
E14: =(E10-E4)^2 -> 4.5905801e-05 | F14: =(F10-F4)^2 -> 0 | G14: =(G10-G4)^2 -> 0
E15: =(E11-E5)^2 -> 0.0001150338 | F15: =(F11-F5)^2 -> 0 | G15: =(G11-G5)^2 -> 0
E17: =SUM(E13:G15) -> 0.0092399504

Sheet 10.19
A1: b con
A2: Parameter | B2: Value | D2: cols regulators/rows targets | E2: gene1 | F2: gene2 | G2: gene3
A3: LSE | B3: 3.6008305e-06 | D3: gene1 | E3: 0 | F3: -1.7225147 | G3: -1.3314859
A4: Penalty | B4: 3.8596346 | D4: gene2 | E4: -2.0944848 | F4: 0 | G4: 0
A5: min LSE | B5: 1.5802502e-33 | D5: gene3 | E5: 0.27993334 | F5: 0 | G5: 0
A6: iteration count | B6: 2931
A8: Gene | B8: wt MSE | D8: cols regulators/rows targets | E8: gene1 | F8: gene2 | G8: gene3
A9: gene1 | B9: 5.0802768e-06 | D9: gene1 | E9: 0 | F9: -1 | G9: 1
A10: gene2 | B10: 1.6824889e-06 | D10: gene2 | E10: -2 | F10: 0 | G10: 0
A11: gene3 | B11: 4.0397258e-06 | D11: gene3 | E11: 2 | F11: 0 | G11: 0
E13: =(E9-E3)^2 -> 0 | F13: =(F9-F3)^2 -> 0.52202754 | G13: =(G9-G3)^2 -> 5.4358264
E14: =(E10-E4)^2 -> 0.0089273731 | F14: =(F10-F4)^2 -> 0 | G14: =(G10-G4)^2 -> 0
E15: =(E11-E5)^2 -> 2.9586293 | F15: =(F11-F5)^2 -> 0 | G15: =(G11-G5)^2 -> 0
E17: =SUM(E13:G15) -> 8.9254106

Sheet 10.18
A1: b con
A2: Parameter | B2: Value | D2: cols regulators/rows targets | E2: gene1 | F2: gene2 | G2: gene3
A3: LSE | B3: 5.7942683e-12 | D3: gene1 | E3: 0 | F3: 0.99987941 | G3: -1.9998891
A4: Penalty | B4: 1.468777 | D4: gene2 | E4: 2.000099 | F4: 0 | G4: 0
A5: min LSE | B5: 1.5802502e-33 | D5: gene3 | E5: -1.0000018 | F5: 0 | G5: 0
A6: iteration count | B6: 229
A8: Gene | B8: wt MSE | D8: cols regulators/rows targets | E8: gene1 | F8: gene2 | G8: gene3
A9: gene1 | B9: 4.2038409e-12 | D9: gene1 | E9: 0 | F9: 1 | G9: -2
A10: gene2 | B10: 9.9271583e-12 | D10: gene2 | E10: 2 | F10: 0 | G10: 0
A11: gene3 | B11: 3.2518057e-12 | D11: gene3 | E11: -1 | F11: 0 | G11: 0
E13: =(E9-E3)^2 -> 0 | F13: =(F9-F3)^2 -> 1.454265e-08 | G13: =(G9-G3)^2 -> 1.2306585e-08
E14: =(E10-E4)^2 -> 9.8036e-09 | F14: =(F10-F4)^2 -> 0 | G14: =(G10-G4)^2 -> 0
E15: =(E11-E5)^2 -> 3.251514e-12 | F15: =(F11-F5)^2 -> 0 | G15: =(G11-G5)^2 -> 0
E17: =SUM(E13:G15) -> 3.6656086e-08

Sheet 10.17
A1: b con
A2: Parameter | B2: Value | D2: cols regulators/rows targets | E2: gene1 | F2: gene2 | G2: gene3
A3: LSE | B3: 5.3011476e-13 | D3: gene1 | E3: 0 | F3: -1.9999671 | G3: 1.999986
A4: Penalty | B4: 1.4687647 | D4: gene2 | E4: -1.0000022 | F4: 0 | G4: 0
A5: min LSE | B5: 0 | D5: gene3 | E5: 0.99990712 | F5: 0 | G5: 0
A6: iteration count | B6: 384
A8: Gene | B8: wt MSE | D8: cols regulators/rows targets | E8: gene1 | F8: gene2 | G8: gene3
A9: gene1 | B9: 1.6559064e-13 | D9: gene1 | E9: 0 | F9: -2 | G9: 2
A10: gene2 | B10: 1.2286502e-13 | D10: gene2 | E10: -1 | F10: 0 | G10: 0
A11: gene3 | B11: 1.3018886e-12 | D11: gene3 | E11: 1 | F11: 0 | G11: 0
E13: =(E9-E3)^2 -> 0 | F13: =(F9-F3)^2 -> 1.0818485e-09 | G13: =(G9-G3)^2 -> 1.9497661e-10
E14: =(E10-E4)^2 -> 4.68798e-12 | F14: =(F10-F4)^2 -> 0 | G14: =(G10-G4)^2 -> 0
E15: =(E11-E5)^2 -> 8.6265089e-09 | F15: =(F11-F5)^2 -> 0 | G15: =(G11-G5)^2 -> 0
E17: =SUM(E13:G15) -> 9.9080219e-09

Sheet 10.16
A1: b con
A2: Parameter | B2: Value | D2: cols regulators/rows targets | E2: gene1 | F2: gene2 | G2: gene3
A3: LSE | B3: 5.3321831e-08 | D3: gene1 | E3: 0 | F3: 2.0196275 | G3: -1.0513769
A4: Penalty | B4: 1.3985054 | D4: gene2 | E4: 0.54746127 | F4: 0 | G4: 0
A5: min LSE | B5: 0 | D5: gene3 | E5: -1.9971927 | F5: 0 | G5: 0
A6: iteration count | B6: 1570
A8: Gene | B8: wt MSE | D8: cols regulators/rows targets | E8: gene1 | F8: gene2 | G8: gene3
A9: gene1 | B9: 6.496978e-10 | D9: gene1 | E9: 0 | F9: 2 | G9: -1
A10: gene2 | B10: 1.579184e-07 | D10: gene2 | E10: 1 | F10: 0 | G10: 0
A11: gene3 | B11: 1.3973949e-09 | D11: gene3 | E11: -2 | F11: 0 | G11: 0
E13: =(E9-E3)^2 -> 0 | F13: =(F9-F3)^2 -> 0.0003852388 | G13: =(G9-G3)^2 -> 0.0026395867
E14: =(E10-E4)^2 -> 0.2047913 | F14: =(F10-F4)^2 -> 0 | G14: =(G10-G4)^2 -> 0
E15: =(E11-E5)^2 -> 7.8809453e-06 | F15: =(F11-F5)^2 -> 0 | G15: =(G11-G5)^2 -> 0
E17: =SUM(E13:G15) -> 0.20782401

Sheet 10.15
A1: b con
A2: Parameter | B2: Value | D2: cols regulators/rows targets | E2: gene1 | F2: gene2 | G2: gene3
A3: LSE | B3: 5.7942747e-12 | D3: gene1 | E3: 0 | F3: -1.9998891 | G3: 0.99987941
A4: Penalty | B4: 1.468777 | D4: gene2 | E4: -1.0000018 | F4: 0 | G4: 0
A5: min LSE | B5: 1.5802502e-33 | D5: gene3 | E5: 2.000099 | F5: 0 | G5: 0
A6: iteration count | B6: 229
A8: Gene | B8: wt MSE | D8: cols regulators/rows targets | E8: gene1 | F8: gene2 | G8: gene3
A9: gene1 | B9: 4.203887e-12 | D9: gene1 | E9: 0 | F9: -2 | G9: 1
A10: gene2 | B10: 3.251836e-12 | D10: gene2 | E10: -1 | F10: 0 | G10: 0
A11: gene3 | B11: 9.9271011e-12 | D11: gene3 | E11: 2 | F11: 0 | G11: 0
E13: =(E9-E3)^2 -> 0 | F13: =(F9-F3)^2 -> 1.2306698e-08 | G13: =(G9-G3)^2 -> 1.4542747e-08
E14: =(E10-E4)^2 -> 3.2516368e-12 | F14: =(F10-F4)^2 -> 0 | G14: =(G10-G4)^2 -> 0
E15: =(E11-E5)^2 -> 9.8035057e-09 | F15: =(F11-F5)^2 -> 0 | G15: =(G11-G5)^2 -> 0
E17: =SUM(E13:G15) -> 3.6656203e-08

Sheet 10.14
A1: b con
A2: Parameter | B2: Value | D2: cols regulators/rows targets | E2: gene1 | F2: gene2 | G2: gene3
A3: LSE | B3: 3.4196084e-06 | D3: gene1 | E3: 0 | F3: -1.4428609 | G3: -1.823338
A4: Penalty | B4: 5.2497732 | D4: gene2 | E4: 0.27443376 | F4: 0 | G4: 0
A5: min LSE | B5: 1.5802502e-33 | D5: gene3 | E5: -2.096654 | F5: 0 | G5: 0
A6: iteration count | B6: 4356
A8: Gene | B8: wt MSE | D8: cols regulators/rows targets | E8: gene1 | F8: gene2 | G8: gene3
A9: gene1 | B9: 5.8200971e-06 | D9: gene1 | E9: 0 | F9: 1 | G9: -1
A10: gene2 | B10: 3.1557959e-06 | D10: gene2 | E10: 2 | F10: 0 | G10: 0
A11: gene3 | B11: 1.2829322e-06 | D11: gene3 | E11: -2 | F11: 0 | G11: 0
E13: =(E9-E3)^2 -> 0 | F13: =(F9-F3)^2 -> 5.9675692 | G13: =(G9-G3)^2 -> 0.67788542
E14: =(E10-E4)^2 -> 2.9775789 | F14: =(F10-F4)^2 -> 0 | G14: =(G10-G4)^2 -> 0
E15: =(E11-E5)^2 -> 0.0093420029 | F15: =(F11-F5)^2 -> 0 | G15: =(G11-G5)^2 -> 0
E17: =SUM(E13:G15) -> 9.6323754

Sheet 10.13
A1: b con
A2: Parameter | B2: Value | D2: cols regulators/rows targets | E2: gene1 | F2: gene2 | G2: gene3
A3: LSE | B3: 5.3321967e-08 | D3: gene1 | E3: 0 | F3: -1.0513644 | G3: 2.0196214
A4: Penalty | B4: 1.3984992 | D4: gene2 | E4: -1.9971943 | F4: 0 | G4: 0
A5: min LSE | B5: 0 | D5: gene3 | E5: 0.54746159 | F5: 0 | G5: 0
A6: iteration count | B6: 1562
A8: Gene | B8: wt MSE | D8: cols regulators/rows targets | E8: gene1 | F8: gene2 | G8: gene3
A9: gene1 | B9: 6.5055403e-10 | D9: gene1 | E9: 0 | F9: -1 | G9: 2
A10: gene2 | B10: 1.3943147e-09 | D10: gene2 | E10: -2 | F10: 0 | G10: 0
A11: gene3 | B11: 1.5792103e-07 | D11: gene3 | E11: 1 | F11: 0 | G11: 0
E13: =(E9-E3)^2 -> 0 | F13: =(F9-F3)^2 -> 0.002638306 | G13: =(G9-G3)^2 -> 0.00038500033
E14: =(E10-E4)^2 -> 7.8718107e-06 | F14: =(F10-F4)^2 -> 0 | G14: =(G10-G4)^2 -> 0
E15: =(E11-E5)^2 -> 0.20479101 | F15: =(F11-F5)^2 -> 0 | G15: =(G11-G5)^2 -> 0
E17: =SUM(E13:G15) -> 0.20782219

Sheet 10.12
A1: b con
A2: Parameter | B2: Value | D2: cols regulators/rows targets | E2: gene1 | F2: gene2 | G2: gene3
A3: LSE | B3: 5.2994653e-13 | D3: gene1 | E3: 0 | F3: 1.999986 | G3: -1.9999671
A4: Penalty | B4: 1.4687647 | D4: gene2 | E4: 0.99990714 | F4: 0 | G4: 0
A5: min LSE | B5: 0 | D5: gene3 | E5: -1.0000022 | F5: 0 | G5: 0
A6: iteration count | B6: 384
A8: Gene | B8: wt MSE | D8: cols regulators/rows targets | E8: gene1 | F8: gene2 | G8: gene3
A9: gene1 | B9: 1.6561743e-13 | D9: gene1 | E9: 0 | F9: 2 | G9: -2
A10: gene2 | B10: 1.3013782e-12 | D10: gene2 | E10: 1 | F10: 0 | G10: 0
A11: gene3 | B11: 1.2284394e-13 | D11: gene3 | E11: -1 | F11: 0 | G11: 0
E13: =(E9-E3)^2 -> 0 | F13: =(F9-F3)^2 -> 1.9473195e-10 | G13: =(G9-G3)^2 -> 1.0810157e-09
E14: =(E10-E4)^2 -> 8.6235959e-09 | F14: =(F10-F4)^2 -> 0 | G14: =(G10-G4)^2 -> 0
E15: =(E11-E5)^2 -> 4.6852199e-12 | F15: =(F11-F5)^2 -> 0 | G15: =(G11-G5)^2 -> 0
E17: =SUM(E13:G15) -> 9.9040287e-09

Sheet 10.11
A1: b con
A2: Parameter | B2: Value | D2: cols regulators/rows targets | E2: gene1 | F2: gene2 | G2: gene3
A3: LSE | B3: 1.4284112e-10 | D3: gene1 | E3: 0 | F3: -1.9619009 | G3: -1.0220146
A4: Penalty | B4: 1.4531545 | D4: gene2 | E4: 0.99999806 | F4: 0 | G4: 0
A5: min LSE | B5: 0 | D5: gene3 | E5: 1.9999021 | F5: 0 | G5: 0
A6: iteration count | B6: 5299
A8: Gene | B8: wt MSE | D8: cols regulators/rows targets | E8: gene1 | F8: gene2 | G8: gene3
A9: gene1 | B9: 4.2275548e-10 | D9: gene1 | E9: 0 | F9: -2 | G9: -1
A10: gene2 | B10: 3.4980809e-12 | D10: gene2 | E10: 1 | F10: 0 | G10: 0
A11: gene3 | B11: 2.2698088e-12 | D11: gene3 | E11: 2 | F11: 0 | G11: 0
E13: =(E9-E3)^2 -> 0 | F13: =(F9-F3)^2 -> 0.0014515419 | G13: =(G9-G3)^2 -> 0.00048464393
E14: =(E10-E4)^2 -> 3.7802198e-12 | F14: =(F10-F4)^2 -> 0 | G14: =(G10-G4)^2 -> 0
E15: =(E11-E5)^2 -> 9.576902e-09 | F15: =(F11-F5)^2 -> 0 | G15: =(G11-G5)^2 -> 0
E17: =SUM(E13:G15) -> 0.0019361954

Sheet 10.10
A1: b con
A2: Parameter | B2: Value | D2: cols regulators/rows targets | E2: gene1 | F2: gene2 | G2: gene3
A3: LSE | B3: 9.3305016e-08 | D3: gene1 | E3: 0 | F3: -2.3138786 | G3: -0.83822676
A4: Penalty | B4: 4.3104829 | D4: gene2 | E4: 1.7784721 | F4: 0 | G4: 0
A5: min LSE | B5: 1.5802502e-33 | D5: gene3 | E5: -1.9705397 | F5: 0 | G5: 0
A6: iteration count | B6: 2993
A8: Gene | B8: wt MSE | D8: cols regulators/rows targets | E8: gene1 | F8: gene2 | G8: gene3
A9: gene1 | B9: 8.3950892e-08 | D9: gene1 | E9: 0 | F9: -1 | G9: 1
A10: gene2 | B10: 1.8427132e-07 | D10: gene2 | E10: 2 | F10: 0 | G10: 0
A11: gene3 | B11: 1.1692837e-08 | D11: gene3 | E11: -2 | F11: 0 | G11: 0
E13: =(E9-E3)^2 -> 0 | F13: =(F9-F3)^2 -> 1.726277 | G13: =(G9-G3)^2 -> 3.3790776
E14: =(E10-E4)^2 -> 0.049074617 | F14: =(F10-F4)^2 -> 0 | G14: =(G10-G4)^2 -> 0
E15: =(E11-E5)^2 -> 0.00086790863 | F15: =(F11-F5)^2 -> 0 | G15: =(G11-G5)^2 -> 0
E17: =SUM(E13:G15) -> 5.1552972

Sheet 10.9
A1: b con
A2: Parameter | B2: Value | D2: cols regulators/rows targets | E2: gene1 | F2: gene2 | G2: gene3
A3: LSE | B3: 1.0996439e-11 | D3: gene1 | E3: 0 | F3: 1.0001106 | G3: 1.9995409
A4: Penalty | B4: 1.4682684 | D4: gene2 | E4: -1.9995827 | F4: 0 | G4: 0
A5: min LSE | B5: 0 | D5: gene3 | E5: -0.99979513 | F5: 0 | G5: 0
A6: iteration count | B6: 2503
A8: Gene | B8: wt MSE | D8: cols regulators/rows targets | E8: gene1 | F8: gene2 | G8: gene3
A9: gene1 | B9: 1.5371683e-11 | D9: gene1 | E9: 0 | F9: 1 | G9: 2
A10: gene2 | B10: 1.0332904e-11 | D10: gene2 | E10: -2 | F10: 0 | G10: 0
A11: gene3 | B11: 7.2847288e-12 | D11: gene3 | E11: -1 | F11: 0 | G11: 0
E13: =(E9-E3)^2 -> 0 | F13: =(F9-F3)^2 -> 1.2240841e-08 | G13: =(G9-G3)^2 -> 2.1079639e-07
E14: =(E10-E4)^2 -> 1.7417431e-07 | F14: =(F10-F4)^2 -> 0 | G14: =(G10-G4)^2 -> 0
E15: =(E11-E5)^2 -> 4.1970862e-08 | F15: =(F11-F5)^2 -> 0 | G15: =(G11-G5)^2 -> 0
E17: =SUM(E13:G15) -> 4.3918241e-07

Sheet 10.8
A1: b con
A2: Parameter | B2: Value | D2: cols regulators/rows targets | E2: gene1 | F2: gene2 | G2: gene3
A3: LSE | B3: 2.6236121e-07 | D3: gene1 | E3: 0 | F3: 0.083670771 | G3: -2.9054075
A4: Penalty | B4: 2.8079293 | D4: gene2 | E4: -0.98684871 | F4: 0 | G4: 0
A5: min LSE | B5: 3.9506255e-34 | D5: gene3 | E5: 1.0194618 | F5: 0 | G5: 0
A6: iteration count | B6: 2572
A8: Gene | B8: wt MSE | D8: cols regulators/rows targets | E8: gene1 | F8: gene2 | G8: gene3
A9: gene1 | B9: 7.2497413e-08 | D9: gene1 | E9: 0 | F9: 2 | G9: -2
A10: gene2 | B10: 2.1158951e-09 | D10: gene2 | E10: -1 | F10: 0 | G10: 0
A11: gene3 | B11: 7.1247034e-07 | D11: gene3 | E11: 1 | F11: 0 | G11: 0
E13: =(E9-E3)^2 -> 0 | F13: =(F9-F3)^2 -> 3.6723177 | G13: =(G9-G3)^2 -> 0.81976283
E14: =(E10-E4)^2 -> 0.00017295633 | F14: =(F10-F4)^2 -> 0 | G14: =(G10-G4)^2 -> 0
E15: =(E11-E5)^2 -> 0.00037876253 | F15: =(F11-F5)^2 -> 0 | G15: =(G11-G5)^2 -> 0
E17: =SUM(E13:G15) -> 4.4926323

Sheet 10.7
A1: b con
A2: Parameter | B2: Value | D2: cols regulators/rows targets | E2: gene1 | F2: gene2 | G2: gene3
A3: LSE | B3: 6.0042914e-10 | D3: gene1 | E3: 0 | F3: 0.92719485 | G3: -2.0224513
A4: Penalty | B4: 1.4606363 | D4: gene2 | E4: -0.99887859 | F4: 0 | G4: 0
A5: min LSE | B5: 9.8765638e-35 | D5: gene3 | E5: 1.9947655 | F5: 0 | G5: 0
A6: iteration count | B6: 9157
A8: Gene | B8: wt MSE | D8: cols regulators/rows targets | E8: gene1 | F8: gene2 | G8: gene3
A9: gene1 | B9: 1.5015435e-09 | D9: gene1 | E9: 0 | F9: 1 | G9: -2
A10: gene2 | B10: 1.3010371e-10 | D10: gene2 | E10: -1 | F10: 0 | G10: 0
A11: gene3 | B11: 1.696402e-10 | D11: gene3 | E11: 2 | F11: 0 | G11: 0
E13: =(E9-E3)^2 -> 0 | F13: =(F9-F3)^2 -> 0.0053005895 | G13: =(G9-G3)^2 -> 0.00050405952
E14: =(E10-E4)^2 -> 1.2575699e-06 | F14: =(F10-F4)^2 -> 0 | G14: =(G10-G4)^2 -> 0
E15: =(E11-E5)^2 -> 2.7399493e-05 | F15: =(F11-F5)^2 -> 0 | G15: =(G11-G5)^2 -> 0
E17: =SUM(E13:G15) -> 0.0058333061

Sheet 10.6
A1: b con
A2: Parameter | B2: Value | D2: cols regulators/rows targets | E2: gene1 | F2: gene2 | G2: gene3
A3: LSE | B3: 1.9255336e-09 | D3: gene1 | E3: 0 | F3: -1.9025813 | G3: -1.1678517
A4: Penalty | B4: 1.4685786 | D4: gene2 | E4: 2.0002797 | F4: 0 | G4: 0
A5: min LSE | B5: 0 | D5: gene3 | E5: 1.000062 | F5: 0 | G5: 0
A6: iteration count | B6: 5823
A8: Gene | B8: wt MSE | D8: cols regulators/rows targets | E8: gene1 | F8: gene2 | G8: gene3
A9: gene1 | B9: 5.7264463e-09 | D9: gene1 | E9: 0 | F9: -2 | G9: -1
A10: gene2 | B10: 2.9404459e-11 | D10: gene2 | E10: 2 | F10: 0 | G10: 0
A11: gene3 | B11: 2.0750139e-11 | D11: gene3 | E11: 1 | F11: 0 | G11: 0
E13: =(E9-E3)^2 -> 0 | F13: =(F9-F3)^2 -> 0.0094903939 | G13: =(G9-G3)^2 -> 0.02817418
E14: =(E10-E4)^2 -> 7.8210523e-08 | F14: =(F10-F4)^2 -> 0 | G14: =(G10-G4)^2 -> 0
E15: =(E11-E5)^2 -> 3.8397758e-09 | F15: =(F11-F5)^2 -> 0 | G15: =(G11-G5)^2 -> 0
E17: =SUM(E13:G15) -> 0.037664656

Sheet 10.5
A1: b con
A2: Parameter | B2: Value | D2: cols regulators/rows targets | E2: gene1 | F2: gene2 | G2: gene3
A3: LSE | B3: 6.006813e-10 | D3: gene1 | E3: 0 | F3: -1.0299224 | G3: 1.9047378
A4: Penalty | B4: 1.4184701 | D4: gene2 | E4: 0.98872995 | F4: 0 | G4: 0
A5: min LSE | B5: 0 | D5: gene3 | E5: -1.9928961 | F5: 0 | G5: 0
A6: iteration count | B6: 6446
A8: Gene | B8: wt MSE | D8: cols regulators/rows targets | E8: gene1 | F8: gene2 | G8: gene3
A9: gene1 | B9: 5.2355833e-10 | D9: gene1 | E9: 0 | F9: -1 | G9: 2
A10: gene2 | B10: 3.270193e-10 | D10: gene2 | E10: 1 | F10: 0 | G10: 0
A11: gene3 | B11: 9.5146628e-10 | D11: gene3 | E11: -2 | F11: 0 | G11: 0
E13: =(E9-E3)^2 -> 0 | F13: =(F9-F3)^2 -> 0.00089535268 | G13: =(G9-G3)^2 -> 0.0090748958
E14: =(E10-E4)^2 -> 0.00012701402 | F14: =(F10-F4)^2 -> 0 | G14: =(G10-G4)^2 -> 0
E15: =(E11-E5)^2 -> 5.0464728e-05 | F15: =(F11-F5)^2 -> 0 | G15: =(G11-G5)^2 -> 0
E17: =SUM(E13:G15) -> 0.010147727

Sheet 10.4
A1: b constnt
A2: Parameter | B2: Value | D2: cols regulators/rows targets | E2: gene1 | F2: gene2 | G2: gene3
A3: LSE | B3: 7.7073406e-12 | D3: gene1 | E3: 0 | F3: 1.9992985 | G3: 0.99878618
A4: Penalty | B4: 1.4677893 | D4: gene2 | E4: -1.9996154 | F4: 0 | G4: 0
A5: min LSE | B5: 0 | D5: gene3 | E5: -0.99983325 | F5: 0 | G5: 0
A6: iteration count | B6: 2427
A8: Gene | B8: wt MSE | D8: cols regulators/rows targets | E8: gene1 | F8: gene2 | G8: gene3
A9: gene1 | B9: 1.2758037e-11 | D9: gene1 | E9: 0 | F9: 2 | G9: 1
A10: gene2 | B10: 8.380792e-12 | D10: gene2 | E10: -2 | F10: 0 | G10: 0
A11: gene3 | B11: 1.9831927e-12 | D11: gene3 | E11: -1 | F11: 0 | G11: 0
E13: =(E9-E3)^2 -> 0 | F13: =(F9-F3)^2 -> 4.9208347e-07 | G13: =(G9-G3)^2 -> 1.4733656e-06
E14: =(E10-E4)^2 -> 1.4790323e-07 | F14: =(F10-F4)^2 -> 0 | G14: =(G10-G4)^2 -> 0
E15: =(E11-E5)^2 -> 2.7805245e-08 | F15: =(F11-F5)^2 -> 0 | G15: =(G11-G5)^2 -> 0
E17: =SUM(E13:G15) -> 2.1411575e-06

Sheet 10.3
A1: b constant
A2: Parameter | B2: Value | D2: cols regulators/rows targets | E2: gene1 | F2: gene2 | G2: gene3
A3: LSE | B3: 9.0923626e-08 | D3: gene1 | E3: 0 | F3: -0.85307764 | G3: -2.3278418
A4: Penalty | B4: 4.4609821 | D4: gene2 | E4: -1.9706091 | F4: 0 | G4: 0
A5: min LSE | B5: 1.5802502e-33 | D5: gene3 | E5: 1.7778493 | F5: 0 | G5: 0
A6: iteration count | B6: 2510
A8: Gene | B8: wt MSE | D8: cols regulators/rows targets | E8: gene1 | F8: gene2 | G8: gene3
A9: gene1 | B9: 7.9714699e-08 | D9: gene1 | E9: 0 | F9: 1 | G9: -1
A10: gene2 | B10: 1.1683714e-08 | D10: gene2 | E10: -2 | F10: 0 | G10: 0
A11: gene3 | B11: 1.8137247e-07 | D11: gene3 | E11: 2 | F11: 0 | G11: 0
E13: =(E9-E3)^2 -> 0 | F13: =(F9-F3)^2 -> 3.4338967 | G13: =(G9-G3)^2 -> 1.7631639
E14: =(E10-E4)^2 -> 0.00086382782 | F14: =(F10-F4)^2 -> 0 | G14: =(G10-G4)^2 -> 0
E15: =(E11-E5)^2 -> 0.049350935 | F15: =(F11-F5)^2 -> 0 | G15: =(G11-G5)^2 -> 0
E17: =SUM(E13:G15) -> 5.2472754

Sheet 10.2
A1: b constant
A2: Parameter | B2: Value | D2: cols regulators/rows targets | E2: gene1 | F2: gene2 | G2: gene3 | I2: cols regulators/rows targets | J2: gene1 | K2: gene2 | L2: gene3
A3: LSE | B3: 4.2037898e-11 | D3: gene1 | E3: 0 | F3: -1.0119343 | G3: -1.9793687 | I3: gene1 | J3: 0 | K3: w3 | L3: w4
A4: Penalty | B4: 1.4602615 | D4: gene2 | E4: 1.9999368 | F4: 0 | G4: 0 | I4: gene2 | J4: w1 | K4: 0 | L4: 0
A5: min LSE | B5: 0 | D5: gene3 | E5: 0.99999228 | F5: 0 | G5: 0 | I5: gene3 | J5: w2 | K5: 0 | L5: 0
A6: iteration count | B6: 5642
A8: Gene | B8: wt MSE | D8: cols regulators/rows targets | E8: gene1 | F8: gene2 | G8: gene3
A9: gene1 | B9: 1.2450346e-10 | D9: gene1 | E9: 0 | F9: -1 | G9: -2
A10: gene2 | B10: 1.0621374e-12 | D10: gene2 | E10: 2 | F10: 0 | G10: 0
A11: gene3 | B11: 5.4809543e-13 | D11: gene3 | E11: 1 | F11: 0 | G11: 0
E13: =(E9-E3)^2 -> 0 | F13: =(F9-F3)^2 -> 0.00014242733 | G13: =(G9-G3)^2 -> 0.00042565175
E14: =(E10-E4)^2 -> 3.9929045e-09 | F14: =(F10-F4)^2 -> 0 | G14: =(G10-G4)^2 -> 0
E15: =(E11-E5)^2 -> 5.9602886e-11 | F15: =(F11-F5)^2 -> 0 | G15: =(G11-G5)^2 -> 0
E17: =SUM(E13:G15) -> 0.00056808313

Sheet 10.1
A1: B constant
A2: Parameter | B2: Value | D2: cols regulators/rows targets | E2: gene1 | F2: gene2 | G2: gene3
A3: LSE | B3: 2.6049534e-07 | D3: gene1 | E3: 0 | F3: -2.9240142 | G3: 0.058895019
A4: Penalty | B4: 2.9321531 | D4: gene2 | E4: 1.0198463 | F4: 0 | G4: 0
A5: min LSE | B5: 3.9506255e-34 | D5: gene3 | E5: -0.98703347 | F5: 0 | G5: 0
A6: iteration count | B6: 2392
A8: Gene | B8: wt MSE | D8: cols regulators/rows targets | E8: gene1 | F8: gene2 | G8: gene3
A9: gene1 | B9: 7.056216e-08 | D9: gene1 | E9: 0 | F9: -2 | G9: 2
A10: gene2 | B10: 7.0906361e-07 | D10: gene2 | E10: 1 | F10: 0 | G10: 0
A11: gene3 | B11: 1.8602462e-09 | D11: gene3 | E11: -1 | F11: 0 | G11: 0
E13: =(E9-E3)^2 -> 0 | F13: =(F9-F3)^2 -> 0.85380219 | G13: =(G9-G3)^2 -> 3.7678885
E14: =(E10-E4)^2 -> 0.00039387603 | F14: =(F10-F4)^2 -> 0 | G14: =(G10-G4)^2 -> 0
E15: =(E11-E5)^2 -> 0.000168131 | F15: =(F11-F5)^2 -> 0 | G15: =(G11-G5)^2 -> 0
E17: =SUM(E13:G15) -> 4.6222527

Sheet 10.0
A1: B constant
A2: Parameter | B2: Value | D2: cols regulators/rows targets | E2: gene1 | F2: gene2 | G2: gene3
A3: LSE | B3: 1.3006038e-12 | D3: gene1 | E3: 0 | F3: 1.9997207 | G3: 0.99995085
A4: Penalty | B4: 1.4685421 | D4: gene2 | E4: -0.99993276 | F4: 0 | G4: 0
A5: min LSE | B5: 0 | D5: gene3 | E5: -1.9998677 | F5: 0 | G5: 0
A6: iteration count | B6: 5132
A8: Gene | B8: wt MSE | D8: cols regulators/rows targets | E8: gene1 | F8: gene2 | G8: gene3
A9: gene1 | B9: 6.2858113e-13 | D9: gene1 | E9: 0 | F9: 2 | G9: 1
A10: gene2 | B10: 9.4614117e-13 | D10: gene2 | E10: -1 | F10: 0 | G10: 0
A11: gene3 | B11: 2.3270891e-12 | D11: gene3 | E11: -2 | F11: 0 | G11: 0
E13: =(E9-E3)^2 -> 0 | F13: =(F9-F3)^2 -> 7.798126e-08 | G13: =(G9-G3)^2 -> 2.4156206e-09
E14: =(E10-E4)^2 -> 4.5211032e-09 | F14: =(F10-F4)^2 -> 0 | G14: =(G10-G4)^2 -> 0
E15: =(E11-E5)^2 -> 1.7514752e-08 | F15: =(F11-F5)^2 -> 0 | G15: =(G11-G5)^2 -> 0
E17: =SUM(E13:G15) -> 1.0243274e-07
